Bulk_Density,POX_C,ACE,Bglucosidase,Bglucosaminidase,Alkaline Phosphatase,Acid Phosphatase
2.003472739,716.0080713,2470.90545,172.5355872,82.44680851,238.6170213,147.0066519
1.282731577,148.9040255,1308.684554,25.15057723,14.51749746,178.8526434,23.36028751
1.153210429,747.5916346,7119.717944,261.0787549,219.9274248,175.3465823,1002.843167
0.99,331.1,10374.5,20.69785415,26.14414693,85.04612597,6.133120708
0.788611771,127.1010896,1467.811982,19.62347878,24.38382891,84.45427769,109.8422912
1.396568524,253.8796731,2429.992258,25.04634709,28.59037108,59.72309711,143.0551565
1.54,71.8,1328.9,95.97687519,120.1159864,-1.594174065,6.330743988
0.859426784,437.8208059,4941.806525,160.5537485,79.3393106,58.14359576,343.9442947
1.268092989,457.86521,6807.891767,78.88579999,101.532134,25.57346289,244.8173586
1.313456054,198.6127527,1174.103355,18.36406873,31.16804689,154.015748,118.3637985
1.27,175.0,8364.1,22.52255252,0.78935573,18.40674838,27.10484996
0.99,3.8,1374.4,55.27303375,16.62875734,41.7123961,9.108836583
1.03,1.3,1246.6,109.0248151,12.28768163,3.377892903,68.06414186
1.274231752,403.9150932,4294.68877,80.70117205,98.74917474,198.1310055,747.600303
1.403438092,124.881878,1083.677601,19.62190038,11.27612866,93.9339485,23.23641636
0.88,14.0,1347.5,13.23454594,25.33187286,22.36742352,2.949039764
1.237691498,121.6948418,962.5317987,25.31145167,26.34555018,138.7761425,56.79095538
1.251321012,232.0985398,2638.7949,75.76881393,75.00412915,137.1142391,338.3040266
0.71,1.0,3069.8,17.60542792,160.5168483,0.241063132,8.820383682
2.151724305,715.9573909,3573.388969,85.58718861,71.9858156,123.3687943,98.60310421
1.728574258,715.5688409,8457.7722,262.5088968,72.5177305,276.9148936,168.3148559
1.404899702,322.3739195,4857.20799,54.25779631,34.10624941,37.06080922,254.1917211
1.274615425,103.7889725,1126.234542,18.7356544,19.8454073,141.0852786,80.7396573
0.51,224.9,5716.0,26.66499426,46.26058723,2.676721994,96.84619903
1.21216204,90.96712665,863.1358592,15.81395693,4.739755342,48.89122845,24.39809104
2.096055443,716.4641952,6268.824708,45.55160142,61.61347518,101.7730496,70.18107908
0.6,0.0,1097.6,72.3690014,142.4519305,20.93613694,9.290930669
1.14,0.0,4834.5,28.35701231,84.32059384,17.53233896,16.02349034
1.31,48.9,2647.2,1115.4805,1401.948786,1401.948786,467.9849633
1.15759526,496.4943717,6921.658641,155.0866904,86.92131012,48.43884409,431.7322695
1.06,22.4,1622.3,11.47664837,72.84909403,2.336115954,5.333570029
1.366367923,717.4476589,9318.012124,404.1992883,109.929078,254.5744681,240.1256467
0.89,134.3,13079.9,14.5233914,27.81865718,1.841438264,3.801179775
1.16,0.0,837.0,66.29260938,55.84946644,64.22085561,7.357218851
0.65,428.1,2464.9,50.99387241,0.322464085,10.66122026,44.79238596
0.87,152.0,4241.6,30.3239794,76.0060321,-0.136368262,15.03256938
1.706353197,713.8625997,144.047296,14.0569395,8.776595745,16.63120567,66.28233555
2.060040953,714.369404,2112.862242,15.39145907,22.60638298,115.212766,21.2158167
1.281685964,62.68097397,847.6921326,7.189494895,6.242991537,74.19698038,42.35456771
1.16,364.7,8374.2,14.67848866,2.338849856,16.43005752,81.41290222
1.259323328,275.9614522,4076.962933,42.53377836,17.78599242,28.27123586,182.0782056
1.31662969,70.47508021,1019.076138,5.006215376,35.32231314,120.2256767,55.88229417
1.268902496,94.21517525,1096.242164,15.63314413,10.48429377,133.3242375,49.82913173
1.520005495,716.7344908,8926.346696,200.5871886,119.9468085,199.964539,144.2461197
1.096207632,99.08920949,749.6632327,9.710692727,7.066219125,40.98688045,10.66396711
1.22,9.8,528.3,27.11186759,63.74230198,5.653085058,4.315137161
1.201212785,115.3186824,860.0850205,17.62042854,13.96485641,69.84655764,19.91162895
0.96,0.0,716.7,19.00675299,7.084135065,-1.110981333,5.879156761
1.372451956,158.895788,874.6806081,25.62578404,12.02704778,125.6835009,77.5241148
1.210213226,296.5281648,2692.065224,93.84788239,51.15994573,69.70855232,240.6402193
1.242880214,298.4860383,2342.738904,23.31934235,65.43362351,155.1086748,429.7564888
1.31531708,718.1704364,5674.20188,410.9074733,215.035461,1563.191489,252.5609756
1.292306998,49.39116857,834.0084703,6.444667771,24.02361373,84.09200286,11.47326916
1.07,369.2,6490.6,49.55931496,-0.049707725,13.50164001,3.232268081
1.297544434,18.46694052,484.7605994,4.336123558,6.612205614,31.80558428,5.292864033
1.12,280.8,-212.0,50.35545288,2.521850481,75.47523771,158.547201
2.212873793,716.2107931,3571.306257,153.9145907,63.20921986,162.7304965,154.9667406
1.290236383,209.1200042,1365.692195,29.53778771,39.66641461,152.1505774,178.5233439
1.287678566,110.7485733,1047.286371,16.42682371,7.878261069,85.2971646,13.5858194
0.917306547,273.9357388,2664.869728,347.6057688,239.9034778,85.79000581,240.2602902
1.017617978,39.40372321,630.6179301,10.24552076,3.365504235,67.64759085,33.03933695
1.15,6.2,1466.6,20.79241748,63.18456711,3.397212587,13.55952291
1.18,264.7,6852.7,19.44493347,56.27711842,20.96794069,63.26379018
1.199981955,129.7804167,1112.942342,14.88197802,18.46215057,140.1006918,106.6448883
1.722511213,716.7967263,4257.333844,194.5373665,80.23049645,129.5212766,134.063643
1.177640199,127.002079,902.5804776,12.4936808,11.00243535,77.69557498,17.03875375
1.265377223,126.3199604,989.2280578,13.81156875,14.27305279,97.34156668,31.68182078
1.182778907,718.1873299,6002.216798,378.8790036,207.5886525,1538.014184,248.902439
1.38,218.7,1230.6,79.13602426,20.6832864,58.35022298,44.06044776
1.25529293,716.0925387,12413.42759,572.2597865,126.3297872,421.4716312,293.2150776
0.7,276.6,4920.5,40.56562803,-0.574658787,18.58758707,19.65888135
0.65,428.1,15944.9,50.99387241,0.322464085,10.66122026,44.79238596
0.91,650.3,3001.0,16.89444115,2.382505596,1.231487718,98.92042746
1.334373164,70.2634652,725.9858994,7.87254098,11.11111731,39.58360505,0.316514414
2.029543834,715.8391366,3590.933114,78.20284698,63.29787234,75.85106383,23.3037694
1.083053141,489.8033607,4376.120059,88.26337233,55.0906857,137.5248901,872.9538521
1.168358026,98.61654084,1042.25876,15.71217175,6.542631243,64.94505282,14.29381276
1.07,868.8,11284.6,14.21152829,104.1452083,41.92049772,19.02403924
1.16479891,142.598296,836.9274037,10.22902977,6.99144728,17.63072885,7.772379222
1.28694776,135.037455,1285.603522,10.78763003,59.29452595,165.8148636,207.885422
0.99,5.5,948.9,29.04705901,44.77137034,-0.995954722,24.79364878
1.148240955,114.6345574,719.7024191,7.24152887,6.377244913,29.67303026,5.009219621
0.99,2.1,2047.9,76.38929682,122.2476498,13.8974918,8.286170438
1.518466812,162.9854135,1309.640536,21.50412112,14.52952526,98.69782684,48.04699658
1.267764127,135.4659818,916.9411692,14.15172677,12.19653278,85.85430753,51.10644258
1.258446362,222.802963,1613.607597,47.09492543,33.793788,129.4205982,204.9618902
1.357105049,131.3915604,1006.620447,9.711417417,46.44448723,144.6654434,58.5758547
1.181085423,342.411129,2434.221222,56.40008068,40.54933503,201.7515668,406.3519004
1.426531532,197.2828859,1362.168808,11.34518232,18.12278661,75.7057296,73.00655602
1.008049461,473.2934504,2334.288438,17.81966187,51.38828989,150.632471,434.0319432
0.71,210.6,3780.9,53.89782022,26.891438,9.444823986,45.51175538
1.15,17.2,844.4,38.40222407,48.06893511,8.268872112,25.82649217
1.537952109,716.4135148,4759.910045,241.5124555,91.40070922,143.9361702,177.9268293
1.140932904,338.3806456,5370.330763,61.65974105,44.9615553,37.14614878,283.7241178
1.328019006,129.6638781,875.3771512,9.266156101,10.17260641,38.17264038,0.435390071
0.311519275,720.4967644,9224.442068,720.088968,796.6312057,2524.361702,1448.756401
0.795992902,424.9224399,3756.617109,93.5301156,70.24860534,151.7987521,628.7747004
0.89,134.3,2802.0,14.5233914,27.81865718,1.841438264,3.801179775
1.668044854,714.0315345,188.8469002,11.20996441,5.141843972,5.815602837,56.86622321
1.06,0.0,452.1,45.9363346,89.47848226,60.81367663,7.145586877
0.870713957,716.24458,12687.27021,512.9715302,123.5815603,673.4751773,221.1751663
1.06,16.0,1295.8,58.77853585,8.234624482,-1.277673064,107.4640591
0.58,384.8,12987.8,16.69415678,25.61602841,2.511339878,16.44252847
1.26,0.0,4537.4,41.46001526,97.11020147,-0.991498054,5.89776016
1.13,13.8,3269.2,12.39975597,2.764031229,-0.925953462,21.47990123
1.24,7.3,922.1,50.36549491,40.72635732,1.003806524,4.702748335
1.368067125,97.97083588,816.852812,9.637171701,17.02488684,70.70702971,17.96742319
1.427461648,189.6074628,980.5890522,24.88454487,21.64937215,163.9718818,83.13507027
1.353542374,79.55862375,909.6279222,19.78434638,13.79510044,134.0015371,69.79800665
1.09,515.5,1433.9,36.74369553,43.03034891,4.150786722,61.84590536
2.242053577,715.1971844,2008.227728,87.54448399,41.57801418,118.4042553,98.58093126
0.85,23.7,2515.2,20.69392318,49.84328044,79.53864935,29.16942586
1.111048597,65.14731103,809.1784164,11.43061655,6.174033791,43.0205342,8.566509496
2.127431703,716.0418583,3629.721694,119.0391459,40.07092199,196.7730496,98.72875092
1.18,31.5,3387.8,88.09193418,-2.546637,19.37496746,6.953981081
1.531282759,716.4810887,12608.61971,860.5071174,221.0638298,564.4326241,462.804878
1.327269137,125.0770674,1036.462424,25.54486508,12.45267513,123.1587693,35.01849458
0.91,650.3,16157.0,16.89444115,2.382505596,1.231487718,98.92042746
1.07,780.0,3191.6,13.17429058,1.002054738,14.9126075,111.1584033
1.09,145.5,784.8,31.50816717,11.68267259,5.121209482,4.833100572
1.16,364.7,160.4,14.67848866,2.338849856,16.43005752,81.41290222
1.104977293,327.9649722,3541.860892,67.78285478,55.09657173,143.3205817,624.2046036
1.796116584,715.889817,9595.690148,236.7081851,77.30496454,319.1134752,218.917221
1.334358741,104.0500293,1065.160021,11.16428602,40.7390197,156.3072197,61.46946968
1.414107846,35.26066536,611.7749003,3.986377929,10.49539297,41.63847792,13.41808735
1.841468164,716.987893,4791.142169,121.1743772,109.929078,146.7730496,130.9053954
1.597733737,716.987893,10720.5838,333.5053381,207.2340426,534.5921986,185.2660754
0.97,0.0,4640.5,27.94796216,6.064881777,12.31316478,17.21986988
1.394038814,155.7397509,1857.299906,36.53035196,26.24792322,84.9517055,163.6690978
1.22,4.5,1791.8,68.11250179,91.18045455,1.824207281,20.99327166
1.305217888,281.6029038,1828.286173,42.4601848,43.4747127,156.8380026,297.9370915
2.176269534,714.1244766,375.6570139,61.5658363,5.762411348,46.87943262,18.19678127
1.276998633,717.9958127,16945.22632,120.5160142,92.81914894,75.67375887,218.5076811
1.268741182,79.510069,542.0483622,7.037148782,1.703223254,43.18165132,29.76582513
0.989217767,481.2834225,7363.731581,79.21897723,90.72272663,48.52059423,347.4646757
1.0,8.4,1497.0,15.64325142,8.182905575,58.46964578,30.01002152
1.3,0.0,1584.7,45.49659197,98.62453244,4.699118364,4.828428885
1.12,0.0,632.0,13.0355937,84.53759629,10.93857307,18.52227508
1.319614748,51.31679718,1156.749555,8.467947654,28.43358534,51.14741461,57.90940708
1.24811069,142.9667675,1361.880775,14.20349351,12.90284452,104.3012481,51.00616084
1.18,13.9,1479.8,173.5174061,-1.909634299,1.522666425,4.286001093
1.282124447,188.8867155,1304.265997,34.54868336,30.06022412,137.0242764,177.6715225
1.571523262,68.82552726,739.9859428,6.727937025,4.147383735,35.66317128,9.549107589
1.14,125.0,980.2,103.748829,10.50602663,187.9054543,6.961172049
1.269239791,389.5283529,3227.247185,67.5017613,44.57900088,147.660917,389.6314171
0.98,370.0,5806.5,19.28753963,34.14606148,41.67016467,14.52105928
1.0,89.0,1613.3,13.73044633,34.75944687,12.4047292,3.264464196
1.451378905,323.7936061,5259.48936,69.80500962,52.33230919,37.85263261,278.1636191
1.687951854,715.6870953,2258.814084,118.4163701,68.26241135,268.5815603,91.10125647
1.12,167.4,3633.5,49.21919396,33.93918976,48.14105043,4.89797417
1.420685092,755.3441247,6595.633501,96.06855166,111.348686,430.9240607,318.0944672
0.99,331.1,4455.8,20.69785415,26.14414693,85.04612597,6.133120708
1.26107726,263.3781049,3952.456051,40.14048144,14.53586301,20.88436862,185.0042255
1.07,4.2,1138.3,84.88314419,112.4953443,11.28983841,14.60294429
1.247045803,516.1209555,4335.920929,107.4900379,70.12128506,137.196627,772.9020677
1.67946359,716.5317691,7351.388373,469.3238434,298.5460993,1524.539007,333.2446415
1.149574228,60.83809338,900.7460461,8.11489379,3.016430382,29.55508221,6.951733074
1.157023325,201.2362192,1545.742602,7.921683836,33.47246937,133.9669896,179.3657589
1.244338646,69.26770179,746.8992991,13.1861962,6.593615031,60.74595826,49.79993386
1.252307599,355.7771108,3167.781283,151.2082572,94.88018071,73.00508462,251.2685607
1.332111515,276.3173384,2232.66495,82.87903168,49.2379457,89.05932031,282.662037
1.83819412,717.1230408,4931.264225,329.0213523,111.2588652,253.8652482,291.954915
1.356008841,185.8611094,2423.903584,52.23986006,40.18281485,91.41160688,408.2117027
0.6,71.1,1900.0,22.86434316,5.723822989,49.29339584,37.34952949
0.65,21.1,6528.4,42.12026841,0.430357072,35.16510989,110.7618132
1.205828396,293.2310519,2790.840928,61.93924111,62.71055478,167.4686797,559.4827936
1.693893638,713.4740497,32.99038857,7.829181495,4.69858156,23.54609929,65.54323725
1.801755217,716.4979822,8356.489636,181.7259786,123.8475177,327.2695035,271.0236511
1.242825403,30.26102979,598.9641405,2.940653243,7.699644517,19.26288748,0.0
1.09,11.1,3032.1,12.30108423,-3.311378228,55.64189985,5.987081481
1.275985684,353.096475,2228.380139,97.52335949,99.76033877,139.6402868,264.8286475
1.381085966,715.7860678,2108.577427,24.73309609,14.71631206,31.73758865,37.24945135
1.41,0.0,858.8,47.9168684,109.0492237,-1.7800433,4.629840671
1.099749226,191.8462114,1148.850841,16.37466137,15.41482615,102.3423371,35.4797673
0.96,0.0,663.2,23.86418348,24.59016077,14.10022851,97.61830731
1.541044262,716.63313,5665.757043,357.2241993,127.4822695,347.4822695,150.0258684
2.069438673,715.0789301,2374.316604,55.96085409,25.0,43.61702128,35.58758315
1.235582603,204.0002792,1344.609485,28.80387574,29.81549561,159.2259237,132.966327
1.313141353,82.96796981,679.277582,9.707956896,1.815322189,33.55386546,15.04941599
0.988779284,182.1208369,972.6680341,17.31785567,9.842765721,63.1565172,16.57877742
1.07,0.0,465.1,66.53587854,25.3327227,146.527374,7.427515979
1.667216238,718.0643319,18518.57237,459.3594306,130.2304965,183.6524823,248.2443307
1.28,150.8,4209.9,39.32244273,13.32581422,-2.039566884,16.5043802
1.05,268.3,12816.4,16.08357444,95.85759752,-1.289943576,81.06327724
1.30281053,85.34827197,985.3843784,17.96953464,14.37690971,126.4799054,53.32120638
0.79,178.4,4599.8,545.3756475,1012.002893,1012.002893,800.4740205
0.85,150.2,9478.8,105.2098665,64.43269397,73.41894073,81.91796992
1.181437776,344.9368563,2461.449876,80.68170507,73.9870211,166.9720427,315.8525336
1.386861016,716.2614735,12306.11497,515.5160142,103.3687943,455.6028369,257.405765
1.15,9.9,895.0,117.0567621,51.68839733,-1.44037425,22.33086366
1.676189545,715.146504,6941.620381,229.4128114,78.10283688,196.7730496,109.1019956
0.859146172,715.7546692,2632.117859,173.5142349,59.92907801,149.964539,129.0983001
0.848903191,804.88751,9426.343241,300.1675475,232.2420865,187.5867225,1213.105306
2.076168654,713.6767715,235.2308628,8.362989324,23.40425532,66.75531915,27.75314117
1.301807464,136.6379125,1050.942989,19.81168938,14.55961764,87.13107154,44.50161707
1.35582614,114.4786293,978.5156264,17.88363358,12.39310188,89.35164835,45.59611024
1.27401251,140.353864,918.8265868,14.12402587,5.580381832,66.29173208,63.32894942
0.69,78.8,935.2,28.43726738,28.7227533,-2.144296472,4.608010776
1.703715772,716.5824496,9811.107009,358.0604982,134.3085106,366.0638298,169.3569845
0.9,255.9,7360.3,139.6740217,40.80527438,28.60573604,52.18307554
1.316326125,277.5474589,2788.854055,146.3145789,94.78466704,64.33891189,267.0293886
1.02,296.2,3576.7,77.90746,5.575556539,7.134984281,14.12579642
1.552867201,715.6702018,8416.164988,221.227758,83.42198582,540.7092199,190.4065041
1.48,3.2,1060.4,32.05517634,75.3894961,-1.942046027,4.041558397
0.755067817,790.1523559,8031.437568,363.6390617,224.1615306,554.8579222,1153.592549
0.67,92.1,3069.1,86.4450126,82.52237913,-1.996975351,7.300193974
1.274231752,32.94375984,671.7349802,11.14650821,11.36476779,39.85930713,9.724208067
1.30271227,149.2055318,890.9087509,15.39529336,4.921386946,53.55928086,36.88719586
1.266184298,141.3337094,1479.365685,10.18159008,37.67744986,124.5028858,157.0156901
1.382474426,85.33141607,1231.495655,8.612422129,30.10179957,104.8387097,31.11844872
1.422439024,258.9569196,3096.102026,55.62581285,30.54198416,33.86268898,211.5965788
1.495227211,502.5348065,8372.095404,93.35614948,85.73990423,23.15384886,350.5526555
1.114623921,463.4168682,5259.397507,128.7078761,71.27198985,46.88768364,356.2771414
1.010264954,467.06125,3644.687592,153.0885663,125.6486157,231.0562144,366.5120743
1.303390875,108.2541898,780.0120151,12.91823779,6.539921505,56.53358041,44.9608911
0.77,455.7,5510.1,15.50045893,15.25815627,-0.650260126,2.896465264
1.1,52.3,866.1,89.7069368,26.60440891,67.02738926,16.39268326
1.965214922,713.2037541,-26.18731115,2.046263345,3.014184397,119.1134752,36.66297118
1.23,15.0,633.0,70.29272007,90.89659285,17.61587898,34.68347271
0.72,217.5,4773.8,11.6185992,68.79980323,9.667618469,4.025501918
1.957064457,715.2721736,1647.568694,41.10320285,21.54255319,57.35815603,33.44789357
1.986738733,716.1115341,8127.482892,80.96085409,34.4858156,35.28368794,69.58302853
1.052908473,716.6669169,12791.12489,513.9857651,174.4680851,472.8900709,291.9733925
0.87,337.2,6044.4,137.0804145,0.232485233,0.586745766,14.25185817
1.06,166.0,1982.9,70.08011254,-2.856285345,7.531977403,31.09418961
0.66,181.0,5982.7,53.53384999,136.0864456,4.779400841,93.4795374
1.23,120.2,6393.0,20.91306462,29.98539339,4.820347638,4.173501831
1.07,780.0,8189.2,13.17429058,1.002054738,14.9126075,111.1584033
1.05,140.1,4253.7,29.79448659,-0.113692038,23.47104124,5.031596403
1.13,0.0,5377.9,17.82664896,30.55595898,-0.576528838,11.90008834
1.843044556,716.7851713,9184.274527,322.4733096,152.748227,334.0070922,162.5757576
1.425069922,22.13582551,690.8648431,3.939624963,12.50985065,62.29523142,14.49589182
1.056744158,340.7884063,6423.777877,372.7618853,198.9023364,407.4875823,217.2604016
0.898058292,717.3257626,22290.392,669.1992883,231.7021277,810.9397163,327.7383592
1.404807631,717.4271234,7974.487241,627.8914591,233.4751773,794.1134752,354.3569845
0.77,279.4,4386.1,88.51679472,65.86847891,0.039703535,25.37952236
1.2,15.1,1091.9,30.39839744,27.96103981,-1.806710491,14.82642484
1.11023909,496.1191361,7997.775606,77.5806569,104.407741,32.47043952,275.5157323
1.330169661,176.5478985,980.748882,23.1997772,23.3774639,145.3962749,108.9936067
1.347896905,260.5444967,3306.533768,42.45556901,24.95279199,27.90919701,190.5578139
1.348993112,114.8989293,920.0610306,10.67635757,3.899329094,31.36507937,47.08592508
1.093467113,271.637624,2663.114414,59.3133297,26.8509824,89.20421406,250.5818284
1.774532143,714.2173627,426.7786434,8.451957295,9.485815603,64.45035461,40.37694013
1.334554492,50.75555898,597.3974625,5.725139307,2.772838603,2.681270799,43.36105713
0.7,203.0,4395.1,137.0165618,52.63690862,3.715893793,4.402069622
0.885735767,786.8414849,8543.854045,295.2529472,198.2024995,252.2991116,1233.332415
1.297909837,232.1893612,1396.868939,49.7716698,60.97654074,161.9880556,259.389234
0.88,180.6,2058.4,42.98433828,18.28301711,23.25524801,11.08751766
0.76,530.8,7492.9,92.32492971,49.98644567,11.3304166,11.3955559
1.237749962,54.41209103,612.7242275,9.518221808,6.412173484,37.99063276,38.97908736
0.72,239.1,3834.1,23.34964471,128.7698575,5.848384824,77.21936041
1.239654231,181.7329974,1305.876934,16.92758988,29.3034341,181.2741017,80.95431583
1.11,91.1,2837.1,77.28267586,-0.860057856,2.656195968,5.859979175
1.129093861,174.9101156,1549.790517,8.369213489,36.26796813,128.1006407,212.3492063
0.74,195.0,4541.6,64.58523648,47.19228137,127.7668136,74.17642318
1.07,868.8,5341.0,14.21152829,104.1452083,41.92049772,19.02403924
1.447331369,208.9353296,2686.59299,46.7275111,34.25954397,72.80283081,340.5398413
1.13,10.7,1895.5,14.70807833,0.573183247,17.33266499,32.74762122
1.12,280.8,6160.3,50.35545288,2.521850481,75.47523771,158.547201
1.14,4.7,910.7,19.15149722,20.45609782,0.244794689,4.589651762
1.35,205.9,4634.8,62.38330053,6.221847173,18.69457857,95.12056811
1.348136077,100.7556373,974.3877582,18.56152928,14.21059661,101.0118723,69.36636537
0.686664461,646.5499446,6214.649214,366.3830187,241.6724775,426.2003686,314.6632496
1.678978546,716.4304083,3856.015653,202.1886121,65.60283688,100.141844,162.6644494
1.811880503,713.2375411,90.83367803,29.27046263,3.191489362,14.53900709,38.73244642
0.88,14.0,8515.7,13.23454594,25.33187286,22.36742352,2.949039764
1.67146037,716.3121539,7476.86167,370.8718861,157.8014184,342.4822695,291.0051737
1.536133195,717.02168,7554.663409,569.0213523,165.8687943,286.4893617,282.9342203
1.158472226,362.9474192,2338.539093,90.67066393,119.006076,140.4093466,247.3350999
1.164903311,108.6906986,939.6905534,10.4326747,6.321350261,33.03511576,46.20846729
1.23,120.2,1891.3,20.91306462,29.98539339,4.820347638,4.173501831
1.602462913,716.5226494,5929.907312,183.683274,65.95744681,122.322695,92.77900961
0.83,195.2,8081.0,41.53201848,3.472295263,3.685572028,41.15119938
1.3557896,254.00174,2072.477653,86.58806373,41.49892835,61.68391701,222.0269757
1.09,1.3,857.5,23.43578307,2.193054756,86.70509933,6.615656863
1.333901987,97.51167357,952.6992929,2.869245658,22.70600337,93.35801124,29.57291464
0.98,0.0,770.6,40.02480219,22.78730739,8.692041252,33.19207165
1.570935076,717.5115908,6308.445243,503.3985765,222.6595745,815.4255319,376.9918699
1.23,2.0,902.7,69.12641741,172.7801952,12.89971697,12.81879149
1.27,175.0,2736.4,22.52255252,0.78935573,18.40674838,27.10484996
0.75,133.1,4082.8,591.8856592,2468.208703,2468.208703,446.4727833
1.63,0.0,450.8,97.02980198,-3.209783142,126.1843525,15.59879644
1.208459294,370.9124584,3911.428246,134.5850181,146.796147,214.4459355,677.303384
1.256107786,66.72662176,616.7019767,8.087520493,7.385072942,22.49679804,3.116921706
1.196135612,269.2099257,2384.416613,18.90282083,55.0479764,163.1100721,477.6547701
1.06,166.0,3849.3,70.08011254,-2.856285345,7.531977403,31.09418961
1.210213226,485.644181,4229.080263,116.7597607,63.01246734,128.6839345,706.2322124
1.210944031,331.1311172,2171.893607,34.87184885,41.95496254,132.7080497,292.6887004
0.98,119.3,10618.3,100.5708247,11.67770131,-1.952589396,15.29497613
2.087445918,713.9977475,1723.998276,13.96797153,7.890070922,37.5,13.37767923
1.182150311,430.636523,6269.299132,50.4142004,38.9644676,38.58895435,289.1995216
0.96,0.0,3325.8,19.00675299,7.084135065,-1.110981333,5.879156761
1.3557896,828.1734547,6518.869454,157.6381994,92.93264955,483.968254,1087.450651
2.20900998,714.4369779,2055.551664,56.85053381,24.91134752,42.71276596,67.41315595
1.275108718,352.1231229,7197.889825,46.27142361,43.09834953,33.58508758,230.5231616
1.420685092,459.1304348,6834.202952,54.69240416,47.25891735,40.35378441,268.2230102
0.99,27.9,5128.6,39.39446615,79.35439187,0.552317942,7.882867476
0.58,384.8,5861.1,16.69415678,25.61602841,2.511339878,16.44252847
0.991180501,134.245917,1005.107081,12.4982018,10.83977531,90.78582439,18.51972148
